{
    "-1_-1_AQ3": 14.441029992875569,
    "-1_-1_BQ3": 14.822007604733429,
    "-1_-1_CQ3": 13.68257648335869,
    "-1_-1_DQ3": 13.141669431806905,
    "-1_-1_EQ3": 14.368107907933572,
    "-1_-1_FQ3": 20.010780669857013,
    "-1_-1_GQ3": 12.994928866560489,
    "-1_-1_HQ3": 13.8500001807595,
    "-1_-1_IQ3": 12.882432751131972,
    "1_-1_AQ4": 13.817519286229174,
    "1_-1_BQ4": 14.758799209362856,
    "1_-1_CQ4": 13.92677058285183,
    "1_-1_DQ4": 13.762117669030054,
    "1_-1_EQ4": 13.01389232867328,
    "1_-1_FQ4": 21.112884463618254,
    "1_-1_GQ4": 14.68775809721973,
    "1_-1_HQ4": 13.889526794894685,
    "1_-1_IQ4": 14.23868624091864,
    "1_1_AQ1": 14.111482433455446,
    "1_1_BQ1": 13.6805673184099,
    "1_1_CQ1": 14.964031950925948,
    "1_1_DQ1": 15.533460768223392,
    "1_1_EQ1": 14.92960198909859,
    "1_1_FQ1": 21.92977324373826,
    "1_1_GQ1": 13.891714609458823,
    "1_1_HQ1": 12.945173388435185,
    "1_1_IQ1": 13.771036861814752,
    "-1_1_AQ2": 14.093173942756072,
    "-1_1_BQ2": 13.936599888018883,
    "-1_1_CQ2": 13.243125080024237,
    "-1_1_DQ2": 14.835376609127833,
    "-1_1_EQ2": 13.211599320881215,
    "-1_1_FQ2": 20.65312794145601,
    "-1_1_GQ2": 14.193786295781923,
    "-1_1_HQ2": 15.362810555191633,
    "-1_1_IQ2": 13.492492841030524,
    "0_0_AQ0": 0.00682181652973167,
    "0_0_BQ0": 0.010331111609295163,
    "0_0_CQ0": 0.002037942145957413,
    "0_0_DQ0": 0.0009055528077832483,
    "Old_avg_reward": 0.00984733429014647,
    "New_avg_reward": 0
}
